{
    "V_static": {
        "RF": -5.299700100728124,
        "U1": -0.14144033052713978,
        "U2": 0.1513168443244874,
        "U3": 0.025941526849198093,
        "U4": -0.21050260204181917,
        "U5": 0.05653173627506658,
        "U6": 0.14744510309689834,
        "U7": -0.12252733180674763
    },
    "V_dynamic": {
        "RF": 274.97124420708434
    }
}