{
    "V_static": {
        "RF": -8.712902474718906,
        "U4": -3.940903047169941
    },
    "V_dynamic": {
        "RF": 274.90539317369655
    }
}