{
    "V_static": {
        "RF": -5.369617280081044,
        "U4": 0.09023383785225902
    },
    "V_dynamic": {
        "RF": 274.9688301817042
    }
}