{
    "V_static": {
        "RF": -7.268814117933974,
        "U1": 0.09818902675052388,
        "U2": 0.8083449213894307,
        "U3": 0.9000242473163311,
        "U4": -1.1407053850525561,
        "U5": 0.9106267493526694,
        "U6": 0.6873364823803809,
        "U7": 2.2045395905087473
    },
    "V_dynamic": {
        "RF": 274.88951820831613
    }
}