{
    "V_static": {
        "RF": -7.25156238001962,
        "U1": 0.17269838528176118,
        "U2": 0.43617245456405995,
        "U3": 0.611378067391062,
        "U4": -0.886486757350588,
        "U5": 0.9771554372897736,
        "U6": 0.5212677070289424,
        "U7": 0.22461453785257968
    },
    "V_dynamic": {
        "RF": 274.9013367225178
    }
}