{
    "V_static": {
        "RF": -11.179314573180159,
        "U4": -13.000603954107817
    },
    "V_dynamic": {
        "RF": 274.4902160060209
    }
}