{
    "V_static": {
        "RF": -6.961206877539749,
        "U1": 0.04790252101741849,
        "U2": -0.07065312492226086,
        "U3": 0.14516592808150125,
        "U4": 1.4597137709304562,
        "U5": 0.2083854172475653,
        "U6": -0.04400262941551117,
        "U7": 0.04874354976365938
    },
    "V_dynamic": {
        "RF": 274.9213508142432
    }
}