{
    "V_static": {
        "RF": -7.542732315330507,
        "U1": -0.5680565490941465,
        "U2": -1.0615339191256767,
        "U3": 1.1421065178138727,
        "U4": -0.25328174014790483,
        "U5": -0.34136858927676106,
        "U6": 1.1675474966007848,
        "U7": 0.2320060494048655
    },
    "V_dynamic": {
        "RF": 274.90491853447327
    }
}